{"cameraMode":{"drawMode":0,"name":"Shaded","section":"Shading Mode"},"sceneLighting":true,"audioPlay":false,"sceneViewState":{"m_AlwaysRefresh":false,"showFog":true,"showSkybox":true,"showFlares":true,"showImageEffects":true,"showParticleSystems":true,"showVisualEffectGraphs":true,"m_FxEnabled":true},"in2DMode":false,"pivot":{"x":51.27643585205078,"y":67.88682556152344,"z":55.959102630615237},"rotation":{"x":0.12957212328910829,"y":-0.7695505023002625,"z":0.6032795906066895,"w":0.16572383046150208},"size":0.5145640969276428,"orthographic":false}